LGC Genomics grid report,,,,,,,,,,
Grid version 1.1,,,,,,,,,,
More information is available in the Genotyping-053.061-01.csv file. This file lists only the C:Alls for each SNP on each well with a subject ID. When a subject ID is dupliC:Ated and the C:Alls don't match the keyword DUPE is used.,,,,,,,,,,
Project number,2345,,,,,,,,,
Order number,SE-24-00234,,,,,,,,,
Plates,SD-0026_P08_d1,SD-0026_P08_d2,SD-0026_P08_d3,SD-0026_P08_d4,,,,,,
,,,,,,,,,,
DNA \ Assay,snpPV00085,snpPV00086,snpPV00087,snpPV00088,snpPV00089,snpPV00090,snpPV00091,snpPV00098,snpPV00099,snpPV00101
BFT-503,T:T,C:C,G:G,A:A,G:G,G:G,T:T,C:C,A:A,T:T
BNL-001,A:A,C:C,G:G,A:A,T:T,T:G,T:T,A:A,C:C,T:T
BNL-PVB-F1_001,A:A,C:C,G:C,A:A,T:T,G:G,T:T,A:C,C:C,T:T
BNL-PVB-F1_002,A:A,C:C,G:C,A:A,T:T,G:G,T:T,A:C,C:C,T:T
BNL-PVB-F1_003,A:A,C:C,G:C,A:A,T:T,G:G,T:T,A:C,C:C,T:T
BNL-PVB-F1_004,A:A,C:C,G:C,A:A,T:T,G:G,T:T,A:C,C:C,T:T
BNL-PVB-F1_005,A:A,C:C,G:C,A:A,T:T,G:G,T:T,A:C,C:C,T:T
BNL-PVB-F1_006,A:A,C:C,G:C,A:A,T:T,G:G,T:T,A:C,C:C,T:T
BNL-PVB-F1_007,A:A,C:C,G:C,A:A,T:T,G:G,T:T,A:C,C:C,T:T
BNL-PVB-F1_008,A:A,C:C,G:C,A:A,T:T,G:G,T:T,A:C,C:C,T:T
BNL-PVB-F1_009,A:A,C:C,G:G,A:A,T:T,G:G,T:T,A:A,C:C,T:T
BNL-PVB-F1_010,A:A,C:C,G:C,A:A,T:T,G:G,T:T,A:C,C:C,T:T
BNL-PVB-F1_011,A:A,C:C,G:C,A:A,T:T,G:G,T:T,A:C,C:C,T:T
BNL-PVB-F1_012,A:A,C:C,G:C,A:A,T:T,G:G,T:T,A:C,C:C,T:T
BNL-PVB-F1_013,A:A,C:C,G:G,A:A,T:T,G:G,T:T,A:A,C:C,T:T
BNL-PVB-F1_014,A:A,C:C,G:C,A:A,T:T,G:G,T:T,A:C,C:C,T:T
BNL-PVB-F1_015,A:A,C:C,G:C,A:A,T:T,G:G,T:T,A:C,C:C,T:T
BNL-PVB-F1_016,A:A,C:C,G:C,A:A,T:T,G:G,T:T,A:C,C:C,T:T
BNL-PVB-F1_017,A:A,C:C,G:C,A:A,T:T,G:G,T:T,A:C,C:C,T:T
BNL-PVB-F1_018,A:A,C:C,G:C,A:A,T:T,G:G,T:T,A:C,C:C,T:T
BNL-PVB-F1_019,A:A,C:C,G:C,A:A,T:T,G:G,T:T,A:C,C:C,T:T
BNL-PVB-F1_020,A:A,C:C,G:C,A:A,T:T,G:G,T:T,A:C,C:C,T:T
BNL-PVB-F1_021,A:A,C:C,G:C,A:A,T:T,G:G,T:T,A:C,C:C,T:T
BNL-PVB-F1_022,A:A,C:C,G:C,A:A,T:T,G:G,T:T,A:C,C:C,T:T
BNL-PVB-F1_023,A:A,C:C,G:C,A:A,T:T,G:G,T:T,A:C,C:C,T:T
BNL-PVB-F1_024,A:A,C:C,G:C,A:A,T:T,G:G,T:T,A:C,C:C,T:T
BNL-PVB-F1_025,A:A,C:C,G:C,A:A,T:T,G:G,T:T,A:C,C:C,T:T
BNL-PVB-F1_026,A:A,C:C,G:C,A:A,T:T,G:G,T:T,A:C,C:C,T:T
BNL-PVB-F1_027,A:A,C:C,G:C,A:A,T:T,G:G,T:T,A:C,C:C,T:T
BNL-PVB-F1_028,A:A,C:C,G:C,A:A,T:T,G:G,T:T,A:C,C:C,T:T
BNL-PVB-F1_029,A:A,C:C,G:C,A:A,T:T,G:G,T:T,A:C,C:C,T:T
BNL-PVB-F1_030,A:A,C:C,G:G,A:A,T:T,G:G,T:T,A:A,C:C,T:T
BNL-PVB-F1_031,A:A,C:C,G:C,A:A,T:T,G:G,T:T,A:C,C:C,T:T
BNL-PVB-F1_032,A:A,C:C,G:G,A:A,T:T,G:G,T:T,A:A,C:C,T:T
BNL-PVB-F1_033,A:A,C:C,G:C,A:A,T:T,G:G,T:T,A:C,C:C,T:T
BNL-PVB-F1_034,A:A,C:C,G:C,A:A,T:T,G:G,T:T,A:C,C:C,T:T
BNL-PVB-F1_035,A:A,C:C,G:C,A:A,T:T,G:G,T:T,A:C,C:C,T:T
BNL-PVB-F1_036,A:A,C:C,G:C,A:A,T:T,G:G,T:T,A:C,C:C,T:T
BNL-PVB-F1_037,A:A,C:C,G:C,A:A,T:T,G:G,T:T,A:C,C:C,T:T
BNL-PVB-F1_038,A:A,C:C,G:C,A:A,T:T,G:G,T:T,A:C,C:C,T:T
BNL-PVB-F1_039,A:A,C:C,G:C,A:A,T:T,G:G,T:T,A:C,C:C,T:T
BNL-PVB-F1_040,A:A,C:C,G:C,A:A,T:T,G:G,T:T,A:C,C:C,T:T
BNL-PVB-F1_041,A:A,C:C,G:C,A:A,T:T,G:G,T:T,A:C,C:C,T:T
BNL-PVB-F1_042,A:A,C:C,G:C,A:A,T:T,G:G,T:T,A:C,C:C,T:T
BNL-PVB-F1_043,A:A,C:C,G:C,A:A,T:T,G:G,T:T,A:C,C:C,T:T
BNL-PVB-F1_044,A:A,C:C,G:C,A:A,T:T,G:G,T:T,A:C,C:C,T:T
BNL-PVB-F1_045,A:A,C:C,G:C,A:A,T:T,G:G,T:T,A:C,C:C,T:T
BNL-PVB-F1_046,A:A,C:C,G:C,A:A,T:T,G:G,T:T,A:C,C:C,T:T
BNL-PVB-F1_047,A:A,C:C,G:C,A:A,T:T,G:G,T:T,A:C,C:C,T:T
BNL-PVB-F1_048,A:A,C:C,G:C,A:A,T:T,G:G,T:T,A:C,C:C,T:T
BNL-PVB-F1_049,A:A,C:C,G:C,A:A,T:T,G:G,T:T,A:C,C:C,T:T
BNL-PVB-F1_050,A:A,C:C,G:C,A:A,T:T,G:G,T:T,A:C,C:C,T:T
BNL-PVB-F1_051,A:A,C:C,G:C,A:A,T:T,G:G,T:T,A:C,C:C,T:T
BNL-PVB-F1_052,A:A,C:C,G:C,A:A,T:T,G:G,T:T,A:C,C:C,T:T
BNL-PVB-F1_053,A:A,C:C,G:C,A:A,T:T,G:G,T:T,A:C,C:C,T:T
BNL-PVB-F1_054,A:A,C:C,G:C,A:A,T:T,G:G,T:T,A:C,C:C,T:T
BNL-PVB-F1_055,A:A,C:C,G:C,A:A,T:T,G:G,T:T,A:C,C:C,T:T
BNL-PVB-F1_056,A:A,C:C,G:C,A:A,T:T,G:G,T:T,A:C,C:C,T:T
BNL-PVB-F1_057,A:A,C:C,G:C,A:A,T:T,G:G,T:T,A:C,C:C,T:T
BNL-PVB-F1_058,A:A,C:C,G:C,A:A,T:T,G:G,T:T,A:C,C:C,T:T
BNL-PVB-F1_059,A:A,C:C,G:C,A:A,T:T,G:G,T:T,A:C,C:C,T:T
BNL-PVB-F1_060,A:A,C:C,G:C,A:A,T:T,G:G,T:T,A:C,C:C,T:T
BNL-PVB-F1_061,A:A,C:C,G:C,A:A,T:T,G:G,T:T,A:C,C:C,T:T
BNL-PVB-F1_062,A:A,C:C,G:G,A:A,T:T,G:G,T:T,A:A,C:C,T:T
BNL-PVB-F1_063,A:A,C:C,G:C,A:A,T:T,G:G,T:T,A:C,C:C,T:T
BNL-PVB-F1_064,A:A,C:C,G:C,A:A,T:T,G:G,T:T,A:C,C:C,T:T
BNL-PVB-F1_065,A:A,C:C,G:C,A:A,T:T,G:G,T:T,A:C,C:C,T:T
BNL-PVB-F1_066,A:A,C:C,G:C,A:A,T:T,G:G,T:T,A:C,C:C,T:T
BNL-PVB-F1_067,A:A,C:C,G:C,A:A,T:T,G:G,T:T,A:C,C:C,T:T
BNL-PVB-F1_068,A:A,C:C,G:C,A:A,T:T,G:G,T:T,A:C,C:C,T:T
BNL-PVB-F1_069,A:A,C:C,G:C,A:A,T:T,G:G,T:T,A:C,C:C,T:T
BNL-PVB-F1_070,A:A,C:C,G:C,A:A,T:T,G:G,T:T,A:C,C:C,T:T
BNL-PVB-F1_071,A:A,C:C,G:C,A:A,T:T,G:G,T:T,A:C,C:C,T:T
BNL-PVB-F1_072,A:A,C:C,G:C,A:A,T:T,G:G,T:T,A:C,C:C,T:T
BNL-PVB-F1_073,A:A,C:C,G:C,A:A,T:T,G:G,T:T,A:C,C:C,T:T
BNL-PVB-F1_074,A:A,C:C,G:C,A:A,T:T,G:G,T:T,A:C,C:C,T:T
BNL-PVB-F1_075,A:A,C:C,G:C,A:A,T:T,G:G,T:T,A:C,C:C,T:T
BNL-PVB-F1_076,A:A,C:C,G:G,A:A,T:T,G:G,T:T,A:A,C:C,T:T
BNL-PVB-F1_077,A:A,C:C,G:C,A:A,T:T,G:G,T:T,A:C,C:C,T:T
BNL-PVB-F1_078,A:A,C:C,G:C,A:A,T:T,G:G,T:T,A:C,C:C,T:T
BNL-PVB-F1_079,A:A,C:C,G:C,A:A,T:T,G:G,T:T,A:C,C:C,T:T
BNL-PVB-F1_080,A:A,C:C,G:C,A:A,T:T,G:G,T:T,A:C,C:C,T:T
BNL-PVB-F1_081,A:A,C:C,G:C,A:A,T:T,G:G,T:T,A:C,C:C,T:T
BNL-PVB-F1_082,A:A,C:C,G:G,A:A,T:T,G:G,T:T,A:C,C:C,T:T
BNL-PVB-F1_083,A:A,C:C,G:C,A:A,T:T,G:G,T:T,A:C,C:C,T:T
BNL-PVB-F1_084,A:A,C:C,G:G,A:A,T:T,G:G,T:T,A:A,C:C,T:T
BNL-PVB-F1_085,A:A,C:C,G:C,A:A,T:T,G:G,T:T,A:C,C:C,T:T
BNL-PVB-F1_086,A:A,C:C,G:G,A:A,T:T,G:G,T:T,A:A,C:C,T:T
BNL-PVB-F1_087,A:A,C:C,G:C,A:A,T:T,G:G,T:T,A:C,C:C,T:T
BNL-PVB-F1_088,A:A,C:C,G:C,A:A,T:T,G:G,T:T,A:C,C:C,T:T
BNL-PVB-F1_089,A:A,C:C,G:C,A:A,T:T,G:G,T:T,A:C,C:C,T:T
BNL-PVB-F1_090,A:A,C:C,G:G,A:A,T:T,G:G,T:T,A:A,C:C,T:T
BNL-PVB-F1_091,A:A,C:C,G:C,A:A,T:T,G:G,T:T,A:C,C:C,T:T
BNL-PVB-F1_092,A:A,C:C,G:G,A:A,T:T,G:G,T:T,A:A,C:C,T:T
BNL-PVB-F1_093,A:A,C:C,G:C,A:A,T:T,G:G,T:T,A:C,C:C,T:T
BNL-PVB-F1_094,A:A,C:C,G:C,A:A,T:T,G:G,T:T,A:C,C:C,T:T
BNL-PVB-F1_095,A:A,C:C,G:C,A:A,T:T,G:G,T:T,A:C,C:C,T:T
BNL-PVB-F1_096,A:A,C:C,G:C,A:A,T:T,G:G,T:T,A:C,C:C,T:T
BNL-PVB-F1_097,A:A,C:C,G:C,A:A,T:T,G:G,T:T,A:C,C:C,T:T
BNL-PVB-F1_098,A:A,C:C,G:C,A:A,T:T,G:G,T:T,A:C,C:C,T:T
BNL-PVB-F1_099,A:A,C:C,G:C,A:A,T:T,G:G,T:T,A:C,C:C,T:T
BNL-PVB-F1_100,A:A,C:C,G:C,A:A,T:T,G:G,T:T,A:C,C:C,T:T
BRS-410,A:A,C:C,G:G,A:A,G:G,G:G,C:C,A:A,C:C,C:C
BRS-BFT-F1_001,A:A,C:C,G:G,A:A,G:G,G:G,C:C,A:A,C:A,C:C
BRS-BFT-F1_002,A:T,C:C,G:G,A:A,G:G,G:G,C:T,A:C,C:A,C:T
BRS-BFT-F1_003,A:A,C:C,G:G,A:A,G:G,G:G,C:C,A:A,C:A,C:C
BRS-BFT-F1_004,A:A,C:C,G:G,A:A,G:G,G:G,C:C,A:A,C:A,C:C
BRS-BFT-F1_005,A:A,C:C,G:G,A:A,G:G,G:G,C:C,A:A,C:A,C:C
BRS-BFT-F1_006,A:A,C:C,G:G,A:A,G:G,G:G,C:C,A:A,C:A,C:C
BRS-BFT-F1_007,A:A,C:C,G:G,A:A,G:G,G:G,C:C,A:A,C:A,C:C
BRS-BFT-F1_008,A:A,C:C,G:G,A:A,G:G,G:G,C:C,A:A,C:A,C:C
BRS-BFT-F1_009,A:A,C:C,G:G,A:A,G:G,G:G,C:C,A:A,C:A,C:C
BRS-BFT-F1_010,A:A,C:C,G:G,A:A,G:G,G:G,C:C,A:A,C:A,C:C
BRS-BFT-F1_011,A:A,C:C,G:G,A:A,G:G,G:G,C:C,A:A,C:A,C:C
BRS-BFT-F1_012,A:A,C:C,G:G,A:A,G:G,G:G,C:C,A:A,C:A,C:C
BRS-BFT-F1_013,A:A,C:C,G:G,A:A,G:G,G:G,C:C,A:A,C:A,C:C
BRS-BFT-F1_014,A:A,C:C,G:G,A:A,G:G,G:G,C:C,A:A,C:A,C:C
BRS-BFT-F1_015,A:T,C:C,G:G,A:A,G:G,G:G,C:T,A:C,C:A,C:T
BRS-BFT-F1_016,A:A,C:C,G:G,A:A,G:G,G:G,C:C,A:A,C:A,C:C
BRS-BFT-F1_017,A:A,C:C,G:G,A:A,G:G,G:G,C:C,A:A,C:A,C:C
BRS-BFT-F1_018,A:A,C:C,G:G,A:A,G:G,G:G,C:C,A:A,C:A,C:C
BRS-BFT-F1_019,A:A,C:C,G:G,A:A,G:G,G:G,C:C,A:A,C:A,C:C
BRS-BFT-F1_020,A:T,C:C,G:G,A:A,G:G,G:G,C:T,A:C,C:A,C:T
BRS-BFT-F1_021,A:A,C:C,G:G,A:A,G:G,G:G,C:C,A:A,C:A,C:C
BRS-BFT-F1_022,A:A,C:C,G:G,A:A,G:G,G:G,C:C,A:A,C:A,C:C
BRS-BFT-F1_023,A:A,C:C,G:G,A:A,G:G,G:G,C:C,A:A,C:A,C:C
BRS-BFT-F1_024,A:A,C:C,G:G,A:A,G:G,G:G,C:C,A:A,C:A,C:C
BRS-BFT-F1_025,A:A,C:C,G:G,A:A,G:G,G:G,C:C,A:A,C:A,C:C
BRS-BFT-F1_026,A:A,C:C,G:G,A:A,G:G,G:G,C:C,A:A,C:A,C:C
BRS-BFT-F1_027,A:A,C:C,G:G,A:A,G:G,G:G,C:C,A:A,C:A,C:C
BRS-BFT-F1_028,A:A,C:C,G:G,A:A,G:G,G:G,C:C,A:A,C:A,C:C
BRS-BFT-F1_029,A:A,C:C,G:G,A:A,G:G,G:G,C:C,A:A,C:A,C:C
BRS-BFT-F1_030,A:A,C:C,G:G,A:A,G:G,G:G,C:C,A:A,C:A,C:C
BRS-BFT-F1_031,A:T,C:C,G:G,A:A,G:G,G:G,C:T,A:C,C:A,C:T
BRS-BFT-F1_032,A:A,C:C,G:G,A:A,G:G,G:G,C:C,A:A,C:A,C:C
BRS-BFT-F1_033,A:A,C:C,G:G,A:A,G:G,G:G,C:C,A:A,C:A,C:C
BRS-BFT-F1_034,A:A,C:C,G:G,A:A,G:G,G:G,C:C,A:A,C:A,C:C
BRS-BFT-F1_035,A:A,C:C,G:G,A:A,G:G,G:G,C:C,A:A,C:A,C:C
BRS-BFT-F1_036,A:A,C:C,G:G,A:A,G:G,G:G,C:C,A:A,C:A,C:C
BRS-BFT-F1_037,A:A,C:C,G:G,A:A,G:G,G:G,C:C,A:A,C:A,C:C
BRS-BFT-F1_038,A:A,C:C,G:G,A:A,G:G,G:G,C:C,A:A,C:A,C:C
BRS-BFT-F1_039,A:A,C:C,G:G,A:A,G:G,G:G,C:C,A:A,C:A,C:C
BRS-BFT-F1_040,A:A,C:C,G:G,A:A,G:G,G:G,C:C,A:A,C:A,C:C
BRS-BFT-F1_041,A:A,C:C,G:G,A:A,G:G,G:G,C:C,A:A,C:A,C:C
BRS-BFT-F1_042,A:T,C:C,G:G,A:A,G:G,G:G,C:C,A:C,C:A,C:C
BRS-BFT-F1_043,A:A,C:C,G:G,A:A,G:G,G:G,C:C,A:A,C:A,C:C
BRS-BFT-F1_044,A:A,C:C,G:G,A:A,G:G,G:G,C:C,A:A,C:A,C:C
BRS-BFT-F1_045,A:A,C:C,G:G,A:A,G:G,G:G,C:C,A:A,C:A,C:C
BRS-BFT-F1_046,A:A,C:C,G:G,A:A,G:G,G:G,C:C,A:A,C:A,C:C
BRS-BFT-F1_047,A:A,C:C,G:G,A:A,G:G,G:G,C:C,A:A,C:A,C:C
BRS-BFT-F1_048,A:A,C:C,G:G,A:A,G:G,G:G,C:C,A:A,C:A,C:C
BRS-BFT-F1_049,A:A,C:C,G:G,A:A,G:G,G:G,C:C,A:A,C:A,C:C
BRS-BFT-F1_050,A:A,C:C,G:G,A:A,G:G,G:G,C:C,A:A,C:A,C:C
BRS-BFT-F1_051,A:A,C:C,G:G,A:A,G:G,G:G,C:C,A:A,C:A,C:C
BRS-BFT-F1_052,A:A,C:C,G:G,A:A,G:G,G:G,C:C,A:A,C:A,C:C
BRS-BFT-F1_053,A:A,C:C,G:G,A:A,G:G,G:G,C:C,A:A,C:A,C:C
BRS-BFT-F1_054,A:A,C:C,G:G,A:A,G:G,G:G,C:C,A:A,C:A,C:C
BRS-BFT-F1_055,A:A,C:C,G:G,A:A,G:G,G:G,C:C,A:A,C:A,C:C
BRS-BFT-F1_056,A:A,C:C,G:G,A:A,G:G,G:G,C:C,A:A,C:A,C:C
BRS-BFT-F1_057,A:A,C:C,G:G,A:A,G:G,G:G,C:C,A:A,C:A,C:C
BRS-BFT-F1_058,A:A,C:C,G:G,A:A,G:G,G:G,C:C,A:A,C:A,C:C
BRS-BFT-F1_059,A:A,C:C,G:G,A:A,G:G,G:G,C:C,A:A,C:A,C:C
BRS-BFT-F1_060,A:A,C:C,G:G,A:A,G:G,G:G,C:C,A:A,C:A,C:C
BRS-BFT-F1_061,A:A,C:C,G:G,A:A,G:G,G:G,C:C,A:A,C:A,C:C
BRS-BFT-F1_062,A:A,C:C,G:G,A:A,G:G,G:G,C:C,A:A,C:A,C:C
BRS-BFT-F1_063,A:A,C:C,G:G,A:A,G:G,G:G,C:C,A:A,C:A,C:C
BRS-BFT-F1_064,A:A,C:C,G:G,A:A,G:G,G:G,C:C,A:A,C:A,C:C
BRS-BFT-F1_065,A:A,C:C,G:G,A:A,G:G,G:G,C:C,A:A,C:A,C:C
BRS-BFT-F1_066,A:A,C:C,G:G,A:A,G:G,G:G,C:C,A:A,C:A,C:C
BRS-BFT-F1_067,A:A,C:C,G:G,A:A,G:G,G:G,C:C,A:A,C:A,C:C
BRS-BFT-F1_068,A:T,C:C,G:G,A:A,G:G,G:G,C:T,A:C,C:A,C:T
BRS-BFT-F1_069,A:A,C:C,G:G,A:A,G:G,G:G,C:C,A:A,C:A,C:C
BRS-BFT-F1_070,A:A,C:C,G:G,A:A,G:G,G:G,C:C,A:A,C:A,C:C
BRS-BFT-F1_071,A:T,C:C,G:G,A:A,G:G,G:G,C:T,A:C,C:A,C:T
BRS-BFT-F1_072,A:A,C:C,G:G,A:A,G:G,G:G,C:C,A:A,C:A,C:C
BRS-BFT-F1_073,A:A,C:C,G:G,A:A,G:G,G:G,C:C,A:A,C:A,C:C
BRS-BFT-F1_074,A:A,C:C,G:G,A:A,G:G,G:G,C:C,A:A,C:A,C:C
BRS-BFT-F1_075,A:A,C:C,G:G,A:A,G:G,G:G,C:C,A:A,C:A,C:C
BRS-BFT-F1_076,A:T,C:C,G:G,A:A,G:G,G:G,C:T,A:C,C:A,C:T
BRS-BFT-F1_077,A:A,C:C,G:G,A:A,G:G,G:G,C:C,A:A,C:A,C:C
BRS-BFT-F1_078,A:A,C:C,G:G,A:A,G:G,G:G,C:C,A:A,C:A,C:C
BRS-BFT-F1_079,A:A,C:C,G:G,A:A,G:G,G:G,C:C,A:A,C:A,C:C
BRS-BFT-F1_080,A:A,C:C,G:G,A:A,G:G,G:G,C:C,A:A,C:A,C:C
BTP-810,A:A,C:C,C:C,G:A,T:T,T:T,C:C,A:A,C:C,C:C
CBG-202,T:T,C:C,G:G,A:A,G:G,T:G,C:C,C:C,A:A,T:T
CBG-PBL-F1_001,T:T,C:C,G:G,A:A,G:G,T:G,C:C,C:C,A:A,T:T
CBG-PBL-F1_002,T:T,C:C,G:G,A:A,G:G,T:G,C:C,C:C,A:A,T:T
CBG-PBL-F1_003,T:T,C:C,G:G,A:A,G:G,T:G,C:C,C:C,A:A,T:T
CBG-PBL-F1_004,T:T,C:C,G:G,A:A,G:G,T:G,C:C,C:C,A:A,T:T
CBG-PBL-F1_005,T:T,C:C,G:G,A:A,G:G,T:G,C:C,C:C,A:A,T:T
CBG-PBL-F1_006,T:T,C:C,G:G,A:A,G:G,T:G,C:C,C:C,A:A,T:T
CBG-PBL-F1_007,T:T,C:C,G:G,A:A,G:G,T:G,C:C,C:C,A:A,T:T
CBG-PBL-F1_008,T:T,C:C,G:G,A:A,G:G,T:G,C:C,C:C,A:A,T:T
CBG-PBL-F1_009,T:T,C:C,G:G,A:A,G:G,T:G,C:C,C:C,A:A,T:T
CBG-PBL-F1_010,T:T,C:C,G:G,A:A,G:G,T:G,C:C,C:C,A:A,T:T
CBG-PBL-F1_011,T:T,C:C,G:G,A:A,G:G,T:G,C:C,C:C,A:A,T:T
CBG-PBL-F1_012,T:T,C:C,G:G,A:A,G:G,T:G,C:C,C:C,A:A,T:T
CBG-PBL-F1_013,T:T,C:C,G:G,A:A,G:G,T:G,C:C,C:C,A:A,T:T
CBG-PBL-F1_014,T:T,C:C,G:G,A:A,G:T,G:G,C:C,C:A,A:A,T:C
CBG-PBL-F1_015,T:T,C:C,G:G,A:A,G:G,T:G,C:C,C:C,A:A,T:T
CBG-PBL-F1_016,T:T,C:C,G:G,A:A,G:T,G:G,C:C,C:A,A:A,T:C
CBG-PBL-F1_017,T:T,C:C,G:G,A:A,G:G,T:G,C:C,C:C,A:A,T:T
CBG-PBL-F1_018,T:T,C:C,G:G,A:A,G:G,T:G,C:C,C:C,A:A,T:T
CBG-PBL-F1_019,T:T,C:C,G:G,A:A,G:G,T:G,C:C,C:C,A:A,T:T
CBG-PBL-F1_020,T:T,C:C,G:G,A:A,G:T,G:G,C:C,C:A,A:A,T:C
CBG-PBL-F1_021,T:T,C:C,G:G,A:A,G:G,T:G,C:C,C:C,A:A,T:T
CBG-PBL-F1_022,T:T,C:C,G:G,A:A,G:G,T:G,C:C,C:C,A:A,T:T
CBG-PBL-F1_023,T:T,C:C,G:G,A:A,G:G,T:G,C:C,C:C,A:A,T:T
CBG-PBL-F1_024,T:T,C:C,G:G,A:A,G:G,T:G,C:C,C:C,A:A,T:T
CBG-PBL-F1_025,T:T,C:C,G:G,A:A,G:G,T:G,C:C,C:C,A:A,T:T
CBG-PBL-F1_026,T:T,C:C,G:G,A:A,G:G,T:G,C:C,C:C,A:A,T:T
CBG-PBL-F1_027,T:T,C:C,G:G,A:A,G:G,T:G,C:C,C:C,A:A,T:T
CBG-PBL-F1_028,T:T,C:C,G:G,A:A,G:G,T:G,C:C,C:C,A:A,T:T
CBG-PBL-F1_029,T:T,C:C,G:G,A:A,G:G,T:G,C:C,C:C,A:A,T:T
CBG-PBL-F1_030,T:T,C:C,G:G,A:A,G:G,T:G,C:C,C:C,A:A,T:T
CBG-PBL-F1_031,T:T,C:C,G:G,A:A,G:G,T:G,C:C,C:C,A:A,T:T
CBG-PBL-F1_032,T:T,C:C,G:G,A:A,G:G,T:G,C:C,C:C,A:A,T:T
CBG-PBL-F1_033,T:T,C:C,G:G,A:A,G:G,T:G,C:C,C:C,A:A,T:T
CBG-PBL-F1_034,T:T,C:C,G:G,A:A,G:G,T:G,C:C,C:C,A:A,T:T
CBG-PBL-F1_035,T:T,C:C,G:G,A:A,G:G,T:G,C:C,C:C,A:A,T:T
CBG-PBL-F1_036,T:T,C:C,G:G,A:A,G:G,T:G,C:C,C:C,A:A,T:T
CBG-PBL-F1_037,T:T,C:C,G:G,A:A,G:G,T:G,C:C,C:C,A:A,T:T
CBG-PBL-F1_038,T:T,C:C,G:G,A:A,G:G,T:G,C:C,C:C,A:A,T:T
CBG-PBL-F1_039,T:T,C:C,G:G,A:A,G:G,T:G,C:C,C:C,A:A,T:T
CBG-PBL-F1_040,T:T,C:C,G:G,A:A,G:G,T:G,C:C,C:C,A:A,T:T
CBG-PBL-F1_041,T:T,C:C,G:G,A:A,G:G,T:G,C:C,C:C,A:A,T:T
CBG-PBL-F1_042,T:T,C:C,G:G,A:A,G:G,T:G,C:C,C:C,A:A,T:T
CBG-PBL-F1_043,T:T,C:C,G:G,A:A,G:G,T:G,C:C,C:C,A:A,T:T
CBG-PBL-F1_044,T:T,C:C,G:G,A:A,G:G,T:G,C:C,C:C,A:A,T:T
CBG-PBL-F1_045,T:T,C:C,G:G,A:A,G:G,T:G,C:C,C:C,A:A,T:T
GBL-115,A:A,C:C,G:G,A:A,G:G,T:T,C:C,C:C,A:A,T:T
GBL-PVL-F1_001,A:A,C:C,G:G,A:A,G:G,T:T,C:C,C:C,A:A,T:T
GBL-PVL-F1_002,A:A,C:C,G:G,A:A,G:G,T:T,C:C,C:C,A:A,T:T
GBL-PVL-F1_003,A:A,C:C,G:G,A:A,G:G,T:T,C:T,C:A,A:A,T:T
GBL-PVL-F1_004,A:A,C:C,G:G,A:A,G:G,T:T,C:T,C:A,A:A,T:T
GBL-PVL-F1_005,A:A,C:C,G:G,A:A,G:G,T:T,C:T,C:A,A:A,T:T
GBL-PVL-F1_006,A:A,C:C,G:G,A:A,G:G,T:T,C:T,C:A,A:A,T:T
GBL-PVL-F1_007,A:A,C:C,G:G,A:A,G:G,T:T,C:C,C:C,A:A,T:T
GBL-PVL-F1_008,A:A,C:C,G:G,A:A,G:G,T:T,C:T,C:C,A:A,T:T
GBL-PVL-F1_009,A:A,C:C,G:G,A:A,G:G,T:T,C:C,C:C,A:A,T:T
GBL-PVL-F1_010,A:A,C:C,G:G,A:A,G:G,T:T,C:C,C:C,A:A,T:T
GBL-PVL-F1_011,A:A,C:C,G:G,A:A,G:G,T:T,C:C,C:C,A:A,T:T
GBL-PVL-F1_012,A:A,C:C,G:G,A:A,G:G,T:T,C:T,C:A,A:A,T:T
GBL-PVL-F1_013,A:A,C:C,G:G,A:A,G:G,T:T,C:T,C:A,A:A,T:T
GBL-PVL-F1_014,A:A,C:C,G:G,A:A,G:G,T:T,C:C,C:C,A:A,T:T
GBL-PVL-F1_015,A:A,C:C,G:G,A:A,G:G,T:T,C:C,C:C,A:A,T:T
GBL-PVL-F1_016,A:A,C:C,G:G,A:A,G:G,T:T,C:T,C:C,A:A,T:T
GBL-PVL-F1_017,A:A,C:C,G:G,A:A,G:G,T:T,C:T,C:A,A:A,T:T
GBL-PVL-F1_018,A:A,C:C,G:G,A:A,G:G,T:T,C:T,C:A,A:A,T:T
GBL-PVL-F1_019,A:A,C:C,G:G,A:A,G:G,T:T,C:C,C:C,A:A,T:T
GBL-PVL-F1_020,A:A,C:C,G:G,A:A,G:G,T:T,C:T,C:A,A:A,T:T
GBL-PVL-F1_021,A:A,C:C,G:G,A:A,G:G,T:T,C:C,C:C,A:A,T:T
GBL-PVL-F1_022,A:A,C:C,G:G,A:A,G:G,T:T,C:C,C:C,A:A,T:T
GBL-PVL-F1_023,A:A,C:C,G:G,A:A,G:G,T:T,C:T,C:A,A:A,T:T
GBL-PVL-F1_024,A:A,C:C,G:G,A:A,G:G,T:T,C:C,C:C,A:A,T:T
GBL-PVL-F1_025,A:A,C:C,G:G,A:A,G:G,T:T,C:C,C:C,A:A,T:T
GBL-PVL-F1_026,A:A,C:C,G:G,A:A,G:G,T:T,C:C,C:C,A:A,T:T
GBL-PVL-F1_027,A:A,C:C,G:G,A:A,G:G,T:T,C:T,C:A,A:A,T:T
GBL-PVL-F1_028,A:A,C:C,G:G,A:A,G:G,T:T,C:C,C:C,A:A,T:T
GBL-PVL-F1_029,A:A,C:C,G:G,A:A,G:G,T:T,C:C,C:C,A:A,T:T
GBL-PVL-F1_030,A:A,C:C,G:G,A:A,G:G,T:T,C:T,C:A,A:A,T:T
GBL-PVL-F1_031,A:A,C:C,G:G,A:A,G:G,T:T,C:C,C:C,A:A,T:T
GBL-PVL-F1_032,A:A,C:C,G:G,A:A,G:G,T:T,C:C,C:C,A:A,T:T
GBL-PVL-F1_033,A:A,C:C,G:G,A:A,G:G,T:T,C:C,C:C,A:A,T:T
GBL-PVL-F1_034,A:A,C:C,G:G,A:A,G:G,T:T,C:C,C:C,A:A,T:T
GBL-PVL-F1_035,A:A,C:C,G:G,A:A,G:G,T:T,C:T,C:A,A:A,T:T
GBL-PVL-F1_036,A:A,C:C,G:G,A:A,G:G,T:T,C:C,C:C,A:A,T:T
GBL-PVL-F1_037,A:A,C:C,G:G,A:A,G:G,T:T,C:T,C:A,A:A,T:T
GBL-PVL-F1_038,A:A,C:C,G:G,A:A,G:G,T:T,C:C,C:C,A:A,T:T
GBL-PVL-F1_039,A:A,C:C,G:G,A:A,G:G,T:T,C:T,C:C,A:A,T:T
GBL-PVL-F1_040,A:A,C:C,G:G,A:A,G:G,T:T,C:C,C:C,A:A,T:T
GBL-PVL-F1_041,A:A,C:C,G:G,A:A,G:G,T:T,C:C,C:C,A:A,T:T
GBL-PVL-F1_042,A:A,C:C,G:G,A:A,G:G,T:T,C:C,C:C,A:A,T:T
GBL-PVL-F1_043,A:A,C:C,G:G,A:A,G:G,T:T,C:T,C:A,A:A,T:T
GBL-PVL-F1_044,A:A,C:C,G:G,A:A,G:G,T:T,C:C,C:C,A:A,T:T
GBL-PVL-F1_045,A:A,C:C,G:G,A:A,G:G,T:T,C:T,C:A,A:A,T:T
GBL-PVL-F1_046,A:A,C:C,G:G,A:A,G:G,T:T,C:C,C:C,A:A,T:T
GBL-PVL-F1_047,A:A,C:C,G:G,A:A,G:G,T:T,C:C,C:C,A:A,T:T
GBL-PVL-F1_048,A:A,C:C,G:G,A:A,G:G,T:T,C:C,C:C,A:A,T:T
GBL-PVL-F1_049,A:A,C:C,G:G,A:A,G:G,T:T,C:C,C:C,A:A,T:T
GBL-PVL-F1_050,A:A,C:C,G:G,A:A,G:G,T:T,C:T,C:C,A:A,T:T
GBL-PVL-F1_051,A:A,C:C,G:G,A:A,G:G,T:T,C:T,C:A,A:A,T:T
GBL-PVL-F1_052,A:A,C:C,G:G,A:A,G:G,T:T,C:T,C:A,A:A,T:T
GBL-PVL-F1_053,A:A,C:C,G:G,A:A,G:G,T:T,C:C,C:C,A:A,T:T
GBL-PVL-F1_054,A:A,C:C,G:G,A:A,G:G,T:T,C:C,C:C,A:A,T:T
GBL-PVL-F1_055,A:A,C:C,G:G,A:A,G:G,T:T,C:T,C:A,A:A,T:T
GBL-PVL-F1_056,A:A,C:C,G:G,A:A,G:G,T:T,C:C,C:C,A:A,T:T
GBL-PVL-F1_057,A:A,C:C,G:G,A:A,G:G,T:T,C:T,C:C,A:A,T:T
GBL-PVL-F1_058,A:A,C:C,G:G,A:A,G:G,T:T,C:C,C:C,A:A,T:T
GBL-PVL-F1_059,A:A,C:C,G:G,A:A,G:G,T:T,C:C,C:C,A:A,T:T
GBL-PVL-F1_060,A:A,C:C,G:G,A:A,G:G,T:T,C:C,C:C,A:A,T:T
GBL-PVL-F1_061,A:A,C:C,G:G,A:A,G:G,T:T,C:C,C:C,A:A,T:T
GBL-PVL-F1_062,A:A,C:C,G:G,A:A,G:G,T:T,C:C,C:C,A:A,T:T
GBL-PVL-F1_063,A:A,C:C,G:G,A:A,G:G,T:T,C:C,C:C,A:A,T:T
GBL-PVL-F1_064,A:A,C:C,G:G,A:A,G:G,T:T,C:C,C:C,A:A,T:T
GBL-PVL-F1_065,A:A,C:C,G:G,A:A,G:G,T:T,C:C,C:C,A:A,T:T
GBL-PVL-F1_066,A:A,C:C,G:G,A:A,G:G,T:T,C:T,C:A,A:A,T:T
GBL-PVL-F1_067,A:A,C:C,G:G,A:A,G:G,T:T,C:T,C:A,A:A,T:T
GBL-PVL-F1_068,A:A,C:C,G:G,A:A,G:G,T:T,C:T,C:A,A:A,T:T
GBL-PVL-F1_069,A:A,C:C,G:G,A:A,G:G,T:T,C:C,C:C,A:A,T:T
GBL-PVL-F1_070,A:A,C:C,G:G,A:A,G:G,T:T,C:C,C:C,A:A,T:T
GBL-PVL-F1_071,A:A,C:C,G:G,A:A,G:G,T:T,C:C,C:C,A:A,T:T
GBL-PVL-F1_072,A:A,C:C,G:G,A:A,G:G,T:T,C:T,C:A,A:A,T:T
GBL-PVL-F1_073,A:A,C:C,G:G,A:A,G:G,T:T,C:T,C:A,A:A,T:T
GBL-PVL-F1_074,A:A,C:C,G:G,A:A,G:G,T:T,C:C,C:C,A:A,T:T
GBL-PVL-F1_075,A:A,C:C,G:G,A:A,G:G,T:T,C:C,C:C,A:A,T:T
GBL-PVL-F1_076,A:A,C:C,G:G,A:A,G:G,T:T,C:C,C:C,A:A,T:T
PBL-207,T:T,C:C,G:G,A:A,T:T,T:T,C:C,A:A,A:A,C:C
PVB-602,A:A,C:C,C:C,A:A,T:T,G:G,T:T,C:C,C:C,T:T
PVL-909,A:A,C:C,G:G,A:A,G:G,T:T,T:T,C:A,A:A,T:T
PVT-305,T:T,C:C,C:G,G:A,T:T,G:G,C:C,C:C,C:A,T:T
PVT-BTP-F1_001,T:T,C:C,C:C,G:A,T:T,G:G,C:C,C:C,C:A,T:T
PVT-BTP-F1_002,T:T,C:C,C:C,G:A,T:T,G:G,C:C,C:C,C:A,T:T
PVT-BTP-F1_003,T:T,C:C,C:C,G:A,T:T,G:G,C:C,C:C,C:A,T:T
PVT-BTP-F1_004,T:T,C:C,C:C,G:A,T:T,G:G,C:C,C:C,C:A,T:T
PVT-BTP-F1_005,T:T,C:C,C:C,G:A,T:T,G:G,C:C,C:C,C:A,T:T
PVT-BTP-F1_006,T:T,C:C,C:C,G:A,T:T,G:G,C:C,C:C,C:A,T:T
PVT-BTP-F1_007,T:T,C:C,C:C,G:A,T:T,G:G,C:C,C:C,C:A,T:T
PVT-BTP-F1_008,T:T,C:C,C:C,G:A,T:T,G:G,C:C,C:C,C:A,T:T
PVT-BTP-F1_009,T:T,C:C,C:C,G:A,T:T,G:G,C:C,C:C,C:A,T:T
PVT-BTP-F1_010,T:T,C:C,C:C,G:A,T:T,G:G,C:C,C:C,C:A,T:T
PVT-BTP-F1_011,T:T,C:C,C:C,G:A,T:T,G:G,C:C,C:C,C:A,T:T
PVT-BTP-F1_012,T:T,C:C,C:C,G:A,T:T,G:G,C:C,C:C,C:A,T:T
PVT-BTP-F1_013,T:T,C:C,C:C,G:A,T:T,G:G,C:C,C:C,C:A,T:T
PVT-BTP-F1_014,T:T,C:C,C:C,G:A,T:T,G:G,C:C,C:C,C:A,T:T
PVT-BTP-F1_015,T:A,C:C,C:G,G:A,T:T,G:T,C:C,C:A,C:A,T:C
PVT-BTP-F1_016,T:T,C:C,C:C,G:A,T:T,G:G,C:C,C:C,C:A,T:T
PVT-BTP-F1_017,T:T,C:C,C:C,G:A,T:T,G:G,C:C,C:C,C:A,T:T
PVT-BTP-F1_018,T:T,C:C,C:C,G:A,T:T,G:G,C:C,C:C,C:A,T:T
PVT-BTP-F1_019,T:T,C:C,C:C,G:A,T:T,G:G,C:C,C:C,C:A,T:T
PVT-BTP-F1_020,T:T,C:C,C:C,G:A,T:T,G:G,C:C,C:C,C:A,T:T
PVT-BTP-F1_021,T:T,C:C,C:C,G:A,T:T,G:G,C:C,C:C,C:A,T:T
PVT-BTP-F1_022,T:T,C:C,C:C,G:A,T:T,G:G,C:C,C:C,C:A,T:T
PVT-BTP-F1_023,T:T,C:C,C:C,G:A,T:T,G:G,C:C,C:C,C:A,T:T
PVT-BTP-F1_024,T:T,C:C,C:C,G:A,T:T,G:G,C:C,C:C,C:A,T:T
PVT-BTP-F1_025,T:T,C:C,C:C,G:A,T:T,G:G,C:C,C:C,C:A,T:T
PVT-BTP-F1_026,T:T,C:C,C:C,G:A,T:T,G:G,C:C,C:C,C:A,T:T
PVT-BTP-F1_027,T:T,C:C,C:C,G:A,T:T,G:G,C:C,C:C,C:A,T:T
PVT-BTP-F1_028,T:T,C:C,C:C,G:A,T:T,G:G,C:C,C:C,C:A,T:T
PVT-BTP-F1_029,T:T,C:C,C:C,G:A,T:T,G:G,C:C,C:C,C:A,T:T
PVT-BTP-F1_030,T:T,C:C,C:C,G:A,T:T,G:G,C:C,C:C,C:A,T:T
PVT-BTP-F1_031,T:A,C:C,C:G,G:A,T:T,G:T,C:C,C:A,C:A,T:C
PVT-BTP-F1_032,T:T,C:C,C:C,G:A,T:T,G:G,C:C,C:C,C:A,T:T
PVT-BTP-F1_033,T:A,C:C,C:C,A:A,T:T,G:T,C:C,C:A,C:A,T:C
PVT-BTP-F1_034,T:A,C:C,C:C,G:A,T:T,G:T,C:C,C:A,C:C,T:C
PVT-BTP-F1_035,T:T,C:C,C:C,G:A,T:T,G:G,C:C,C:C,C:A,T:T
PVT-BTP-F1_036,T:T,C:C,C:C,G:A,T:T,G:G,C:C,C:C,C:A,T:T
PVT-BTP-F1_037,T:A,C:C,C:G,G:A,T:T,G:T,C:C,C:A,C:A,T:C
PVT-BTP-F1_038,T:T,C:C,C:C,G:A,T:T,G:G,C:C,C:C,C:A,T:T
PVT-BTP-F1_039,T:T,C:C,C:C,G:A,T:T,G:G,C:C,C:C,C:A,T:T
PVT-BTP-F1_040,T:T,C:C,C:C,G:A,T:T,G:G,C:C,C:C,C:A,T:T
PVT-BTP-F1_041,T:T,C:C,C:C,G:A,T:T,G:G,C:C,C:C,C:A,T:T
PVT-BTP-F1_042,T:T,C:C,C:C,G:A,T:T,G:G,C:C,C:C,C:A,T:T
PVT-BTP-F1_043,T:T,C:C,C:C,G:A,T:T,G:G,C:C,C:C,C:A,T:T
PVT-BTP-F1_044,T:T,C:C,C:C,G:A,T:T,G:G,C:C,C:C,C:A,T:T
PVT-BTP-F1_045,T:T,C:C,C:C,G:A,T:T,G:G,C:C,C:C,C:A,T:T
PVT-BTP-F1_046,T:T,C:C,C:C,G:A,T:T,G:G,C:C,C:C,C:A,T:T
PVT-BTP-F1_047,T:T,C:C,C:C,G:A,T:T,G:G,C:C,C:C,C:A,T:T
PVT-BTP-F1_048,T:T,C:C,C:C,G:A,T:T,G:G,C:C,C:C,C:A,T:T
PVT-BTP-F1_049,T:T,C:C,C:C,G:A,T:T,G:G,C:C,C:C,C:A,T:T
PVT-BTP-F1_050,T:T,C:C,C:C,G:A,T:T,G:G,C:C,C:C,C:A,T:T
PVT-BTP-F1_051,T:T,C:C,C:C,G:A,T:T,G:G,C:C,C:C,C:A,T:T
PVT-BTP-F1_052,T:T,C:C,C:C,G:A,T:T,G:G,C:C,C:C,C:A,T:T
PVT-BTP-F1_053,T:T,C:C,C:C,G:A,T:T,G:G,C:C,C:C,C:A,T:T
PVT-BTP-F1_054,T:T,C:C,C:C,G:A,T:T,G:G,C:C,C:C,C:A,T:T
PVT-BTP-F1_055,T:T,C:C,C:C,G:A,T:T,G:G,C:C,C:C,C:A,T:T
PVT-BTP-F1_056,T:T,C:C,C:C,G:A,T:T,G:G,C:C,C:C,C:A,T:T
PVT-BTP-F1_057,T:T,C:C,C:C,G:A,T:T,G:G,C:C,C:C,C:A,T:T
PVT-BTP-F1_058,T:T,C:C,C:C,G:A,T:T,G:G,C:C,C:C,C:A,T:T
PVT-BTP-F1_059,T:T,C:C,C:C,G:A,T:T,G:G,C:C,C:C,C:A,T:T
PVT-BTP-F1_060,T:A,C:C,C:C,G:G,T:T,G:T,C:C,C:A,C:A,T:C
PVT-BTP-F1_061,T:T,C:C,C:C,G:A,T:T,G:G,C:C,C:C,C:A,T:T
PVT-BTP-F1_062,T:T,C:C,C:C,G:A,T:T,G:G,C:C,C:C,C:A,T:T
PVT-BTP-F1_063,T:T,C:C,C:C,G:A,T:T,G:G,C:C,C:C,C:A,T:T
PVT-BTP-F1_064,T:T,C:C,C:C,G:A,T:T,G:G,C:C,C:C,C:A,T:T
PVT-BTP-F1_065,T:T,C:C,C:C,G:A,T:T,G:G,C:C,C:C,C:A,T:T
PVT-BTP-F1_066,T:T,C:C,C:C,G:A,T:T,G:G,C:C,C:C,C:A,T:T
PVT-BTP-F1_067,T:T,C:C,C:C,G:A,T:T,G:G,C:C,C:C,C:A,T:T
PVT-BTP-F1_068,T:T,C:C,C:C,G:A,T:T,G:G,C:C,C:C,C:A,T:T
PVT-BTP-F1_069,T:T,C:C,C:C,G:A,T:T,G:G,C:C,C:C,C:A,T:T
PVT-BTP-F1_070,T:T,C:C,C:C,G:A,T:T,G:G,C:C,C:C,C:A,T:T
PVT-BTP-F1_071,T:T,C:C,C:C,G:A,T:T,G:G,C:C,C:C,C:A,T:T
PVT-BTP-F1_072,T:T,C:C,C:C,G:A,T:T,G:G,C:C,C:C,C:A,T:T
PVT-BTP-F1_073,T:T,C:C,C:C,G:A,T:T,G:G,C:C,C:C,C:A,T:T
PVT-BTP-F1_074,T:T,C:C,C:C,G:A,T:T,G:G,C:C,C:C,C:A,T:T
PVT-BTP-F1_075,T:T,C:C,C:C,G:A,T:T,G:G,C:C,C:C,C:A,T:T
PVT-BTP-F1_076,T:T,C:C,C:C,G:A,T:T,G:G,C:C,C:C,C:A,T:T
PVT-BTP-F1_077,T:T,C:C,C:C,G:A,T:T,G:G,C:C,C:C,C:A,T:T
PVT-BTP-F1_078,T:T,C:C,C:C,G:A,T:T,G:G,C:C,C:C,C:A,T:T
PVT-BTP-F1_079,T:T,C:C,C:C,G:A,T:T,G:G,C:C,C:C,C:A,T:T
PVT-BTP-F1_080,T:T,C:C,C:C,G:A,T:T,G:G,C:C,C:C,C:A,T:T
PVT-BTP-F1_081,T:T,C:C,C:C,G:A,T:T,G:G,C:C,C:C,C:A,T:T
PVT-BTP-F1_082,T:T,C:C,C:C,G:A,T:T,G:G,C:C,C:C,C:A,T:T
PVT-BTP-F1_083,T:T,C:C,C:C,G:A,T:T,G:G,C:C,C:C,C:A,T:T
PVT-BTP-F1_084,T:T,C:C,C:C,G:A,T:T,G:G,C:C,C:C,C:A,T:T
PVT-BTP-F1_085,T:T,C:C,C:C,G:A,T:T,G:G,C:C,C:C,C:A,T:T
PVT-BTP-F1_086,T:T,C:C,C:C,G:A,T:T,G:G,C:C,C:C,C:A,T:T
PVT-BTP-F1_087,T:T,C:C,C:C,G:A,T:T,G:G,C:C,C:C,C:A,T:T
PVT-BTP-F1_088,T:T,C:C,C:C,G:A,T:T,G:G,C:C,C:C,C:A,T:T
PVT-BTP-F1_089,T:T,C:C,C:C,G:A,T:T,G:G,C:C,C:C,C:A,T:T
PVT-BTP-F1_090,T:T,C:C,C:C,G:A,T:T,G:G,C:C,C:C,C:A,T:T
PVT-BTP-F1_091,T:T,C:C,C:C,G:A,T:T,G:G,C:C,C:C,C:A,T:T
PVT-BTP-F1_092,T:T,C:C,C:C,G:A,T:T,G:G,C:C,C:C,C:A,T:T
PVT-BTP-F1_093,T:T,C:C,C:C,G:A,T:T,G:G,C:C,C:C,C:A,T:T
PVT-BTP-F1_094,T:T,C:C,C:C,G:A,T:T,G:G,C:C,C:C,C:A,T:T
PVT-BTP-F1_095,T:T,C:C,C:C,G:A,T:T,G:G,C:C,C:C,C:A,T:T
PVT-BTP-F1_096,T:T,C:C,C:C,G:A,T:T,G:G,C:C,C:C,C:A,T:T
PVT-BTP-F1_097,T:T,C:C,C:C,G:A,T:T,G:G,C:C,C:C,C:A,T:T
PVT-BTP-F1_098,T:T,C:C,C:C,G:A,T:T,G:G,C:C,C:C,C:A,T:T
PVT-BTP-F1_099,T:T,C:C,C:C,G:A,T:T,G:G,C:C,C:C,C:A,T:T
PVT-BTP-F1_100,T:T,C:C,C:C,G:A,T:T,G:G,C:C,C:C,C:A,T:T
PVT-BTP-F1_101,T:T,C:C,C:C,G:A,T:T,G:G,C:C,C:C,C:A,T:T
PVT-BTP-F1_102,T:T,C:C,C:C,G:A,T:T,G:G,C:C,C:C,C:A,T:T
PVT-BTP-F1_103,T:T,C:C,C:C,G:A,T:T,G:G,C:C,C:C,C:A,T:T
PVT-BTP-F1_104,T:T,C:C,C:C,G:A,T:T,G:G,C:C,C:C,C:A,T:T
PVT-BTP-F1_105,T:T,C:C,C:C,G:A,T:T,G:G,C:C,C:C,C:A,T:T
PVT-BTP-F1_106,T:T,C:C,C:C,G:A,T:T,G:G,C:C,C:C,C:A,T:T
PVT-BTP-F1_107,T:A,C:C,C:C,A:A,T:T,G:T,C:C,C:A,C:C,T:C
PVT-BTP-F1_108,T:T,C:C,C:C,G:A,T:T,G:G,C:C,C:C,C:A,T:T
PVT-BTP-F1_109,T:T,C:C,C:C,G:A,T:T,G:G,C:C,C:C,C:A,T:T
PVT-BTP-F1_110,T:T,C:C,C:C,G:A,T:T,G:G,C:C,C:C,C:A,T:T
PVT-BTP-F1_111,T:T,C:C,C:C,G:A,T:T,G:G,C:C,C:C,C:A,T:T
PVT-BTP-F1_112,T:A,C:C,C:G,G:A,T:T,G:T,C:C,C:A,C:A,T:C
PVT-BTP-F1_113,T:T,C:C,C:C,G:A,T:T,G:G,C:C,C:C,C:A,T:T
PVT-BTP-F1_114,T:T,C:C,C:C,G:A,T:T,G:G,C:C,C:C,C:A,T:T
PVT-BTP-F1_115,T:T,C:C,C:C,G:A,T:T,G:G,C:C,C:C,C:A,T:T
PVT-BTP-F1_116,T:T,C:C,C:C,G:A,T:T,G:G,C:C,C:C,C:A,T:T
PVT-BTP-F1_117,T:T,C:C,C:C,G:A,T:T,G:G,C:C,C:C,C:A,T:T
PVT-BTP-F1_118,T:T,C:C,C:C,G:A,T:T,G:G,C:C,C:C,C:A,T:T
PVT-BTP-F1_119,T:T,C:C,C:C,G:A,T:T,G:G,C:C,C:C,C:A,T:T
PVT-BTP-F1_120,T:A,C:C,C:C,A:A,T:T,G:T,C:C,C:A,C:C,T:C
PVT-BTP-F1_121,T:T,C:C,C:C,G:A,T:T,G:G,C:C,C:C,C:A,T:T
PVT-BTP-F1_122,T:T,C:C,C:C,G:A,T:T,G:G,C:C,C:C,C:A,T:T
PVT-BTP-F1_123,T:T,C:C,C:C,G:A,T:T,G:G,C:C,C:C,C:A,T:T
PVT-BTP-F1_124,T:T,C:C,C:C,G:A,T:T,G:G,C:C,C:C,C:A,T:T
PVT-BTP-F1_125,T:T,C:C,C:C,G:A,T:T,G:G,C:C,C:C,C:A,T:T
PVT-BTP-F1_126,T:T,C:C,C:C,G:A,T:T,G:G,C:C,C:C,C:A,T:T
PVT-BTP-F1_127,T:T,C:C,C:C,G:A,T:T,G:G,C:C,C:C,C:A,T:T
PVT-BTP-F1_128,T:T,C:C,C:C,G:A,T:T,G:G,C:C,C:C,C:A,T:T
PVT-BTP-F1_129,T:T,C:C,C:C,G:A,T:T,G:G,C:C,C:C,C:A,T:T
PVT-BTP-F1_130,T:T,C:C,C:C,G:A,T:T,G:G,C:C,C:C,C:A,T:T
PVT-BTP-F1_131,T:T,C:C,C:C,G:A,T:T,G:G,C:C,C:C,C:A,T:T
PVT-BTP-F1_132,T:T,C:C,C:C,G:A,T:T,G:G,C:C,C:C,C:A,T:T
PVT-BTP-F1_133,T:A,C:C,C:G,G:G,T:T,G:T,C:C,C:A,C:A,T:C
PVT-BTP-F1_134,T:T,C:C,C:C,G:A,T:T,G:G,C:C,C:C,C:A,T:T
PVT-BTP-F1_135,T:T,C:C,C:C,G:A,T:T,G:G,C:C,C:C,C:A,T:T